# This Source Code Form is subject to the terms of the Mozilla Public
# License, v. 2.0. If a copy of the MPL was not distributed with this
# file, You can obtain one at http://mozilla.org/MPL/2.0/.

# extension:
extensions.calendar-timezones@mozilla.org.name=Laiko zonų aprašai programai „Mozilla“ kalendoriui
extensions.calendar-timezones@mozilla.org.description=Laiko zonų aprašai, reikalingi „Sunbird“ bei „Lightning“ veikimui
extensions.calendar-timezones@mozilla.org.creator=„Mozilla Calendar“ projektas

pref.timezone.floating=Vietinis laikas
pref.timezone.UTC=Grinvičo laikas (UTC)

# I've derived this list out of timezones.dtd
# - replaced '_' with ' ' on value side
# - corrected 'St xyz' to 'St. xyz'

# timezone names:
pref.timezone.Africa.Abidjan=Afrika/Abidžanas
pref.timezone.Africa.Accra=Afrika/Akra
pref.timezone.Africa.Addis_Ababa=Afrika/Adis Abeba
pref.timezone.Africa.Algiers=Afrika/Alžyras
pref.timezone.Africa.Asmara=Afrika/Asmara
pref.timezone.Africa.Bamako=Afrika/Bamakas
pref.timezone.Africa.Bangui=Afrika/Bangis
pref.timezone.Africa.Banjul=Afrika/Bandžulis
pref.timezone.Africa.Bissau=Afrika/Bisau
pref.timezone.Africa.Blantyre=Afrika/Blantairas
pref.timezone.Africa.Brazzaville=Afrika/Brazavilis
pref.timezone.Africa.Bujumbura=Afrika/Bužumbūra
pref.timezone.Africa.Cairo=Afrika/Kairas
pref.timezone.Africa.Casablanca=Afrika/Kasablanka
# Gali būti blogas
pref.timezone.Africa.Ceuta=Afrika/Seuta
pref.timezone.Africa.Conakry=Afrika/Konakris
pref.timezone.Africa.Dakar=Afrika/Dakaras
pref.timezone.Africa.Dar_es_Salaam=Afrika/Dar es Salamas
pref.timezone.Africa.Djibouti=Afrika/Džibutis
pref.timezone.Africa.Douala=Afrika/Duala
# Gali būti blogas
pref.timezone.Africa.El_Aaiun=Afrika/El Ajūnas
pref.timezone.Africa.Freetown=Afrika/Fritaunas
pref.timezone.Africa.Gaborone=Afrika/Gaboronas
pref.timezone.Africa.Harare=Afrika/Hararė
pref.timezone.Africa.Johannesburg=Afrika/Johanesburgas
pref.timezone.Africa.Kampala=Afrika/Kampala
pref.timezone.Africa.Khartoum=Afrika/Chartumas
pref.timezone.Africa.Kigali=Afrika/Kigalis
pref.timezone.Africa.Kinshasa=Afrika/Kinšasa
pref.timezone.Africa.Lagos=Afrika/Lagosas
pref.timezone.Africa.Libreville=Afrika/Librevilis
pref.timezone.Africa.Lome=Afrika/Lomė
pref.timezone.Africa.Luanda=Afrika/Luanda
pref.timezone.Africa.Lubumbashi=Afrika/Lubumbašis
pref.timezone.Africa.Lusaka=Afrika/Lusaka
pref.timezone.Africa.Malabo=Afrika/Malabas
pref.timezone.Africa.Maputo=Afrika/Maputu
pref.timezone.Africa.Maseru=Afrika/Maseru
pref.timezone.Africa.Mbabane=Afrika/Mbabanė
pref.timezone.Africa.Mogadishu=Afrika/Mogadišas
pref.timezone.Africa.Monrovia=Afrika/Monrovija
pref.timezone.Africa.Nairobi=Afrika/Nairobis
pref.timezone.Africa.Ndjamena=Afrika/Ndžamena
pref.timezone.Africa.Niamey=Afrika/Niamėjus
pref.timezone.Africa.Nouakchott=Afrika/Nuakšotas
pref.timezone.Africa.Ouagadougou=Afrika/Uagadugu
pref.timezone.Africa.Porto-Novo=Afrika/Porto Novas
pref.timezone.Africa.Sao_Tome=Afrika/San Tomė
pref.timezone.Africa.Tripoli=Afrika/Tripolis
pref.timezone.Africa.Tunis=Afrika/Tunisas
pref.timezone.Africa.Windhoek=Afrika/Vindhukas
pref.timezone.America.Adak=Amerika/Adakas
pref.timezone.America.Anchorage=Amerika/Ankoridžas
pref.timezone.America.Anguilla=Amerika/Angilija
pref.timezone.America.Antigua=Amerika/Antigva
# Gali būti blogas
pref.timezone.America.Araguaina=Amerika/Aragvaina
pref.timezone.America.Argentina.Buenos_Aires=Amerika/Argentina/Buenos Airės
pref.timezone.America.Argentina.Catamarca=Amerika/Argentina/Katamarka
pref.timezone.America.Argentina.Cordoba=Amerika/Argentina/Kordoba
pref.timezone.America.Argentina.Jujuy=Amerika/Argentina/Žužujus
pref.timezone.America.Argentina.La_Rioja=Amerika/Argentina/La Riocha
pref.timezone.America.Argentina.Mendoza=Amerika/Argentina/Mendosa
pref.timezone.America.Argentina.Rio_Gallegos=Amerika/Argentina/Rio Galjegosas
pref.timezone.America.Argentina.San_Juan=Amerika/Argentina/San Chuanas
pref.timezone.America.Argentina.Tucuman=Amerika/Argentina/Tukumanas
pref.timezone.America.Argentina.Ushuaia=Amerika/Argentina/Ušuaja
pref.timezone.America.Aruba=Amerika/Aruba
pref.timezone.America.Asuncion=Amerika/Asunsjonas
# Gali būti blogas
pref.timezone.America.Atikokan=Amerika/Atikokanas
# Gali būti blogas
pref.timezone.America.Bahia=Amerika/Baija
pref.timezone.America.Barbados=Amerika/Barbadosas
# Gali būti blogas
pref.timezone.America.Belem=Amerika/Belemas
pref.timezone.America.Belize=Amerika/Belizas
# Gali būti blogas
pref.timezone.America.Blanc-Sablon=Amerika/Blan-Sablonas
pref.timezone.America.Boa_Vista=Amerika/Boa Višta
pref.timezone.America.Bogota=Amerika/Bogota
pref.timezone.America.Boise=Amerika/Boizis
# Gali būti blogas
pref.timezone.America.Cambridge_Bay=Amerika/Kembridž Bėjus
# Gali būti blogas
pref.timezone.America.Campo_Grande=Amerika/Kampo Grande
pref.timezone.America.Cancun=Amerika/Kankunas
pref.timezone.America.Caracas=Amerika/Karakasas
pref.timezone.America.Cayenne=Amerika/Kajenas
# Gali būti blogas
pref.timezone.America.Cayman=Amerika/Kaimanas
pref.timezone.America.Chicago=Amerika/Čikaga
# Gali būti blogas
pref.timezone.America.Chihuahua=Amerika/Čihvahva
pref.timezone.America.Costa_Rica=Amerika/Kosta Rika
# Gali būti blogas
pref.timezone.America.Cuiaba=Amerika/Kujaba
# Gali būti blogas
pref.timezone.America.Curacao=Amerika/Kjurasao
# Gali būti blogas
pref.timezone.America.Danmarkshavn=Amerika/Danmarkshavnas
# Gali būti blogas
pref.timezone.America.Dawson=Amerika/Dosonas
# Gali būti blogas
pref.timezone.America.Dawson_Creek=Amerika/Doson Krykas
pref.timezone.America.Denver=Amerika/Denveris
pref.timezone.America.Detroit=Amerika/Detroitas
pref.timezone.America.Dominica=Amerika/Dominika
pref.timezone.America.Edmonton=Amerika/Edmontonas
# Gali būti blogas
pref.timezone.America.Eirunepe=Amerika/Eirunepė
pref.timezone.America.El_Salvador=Amerika/Salvadoras
pref.timezone.America.Fortaleza=Amerika/Fortaleza
# Gali būti blogas
pref.timezone.America.Glace_Bay=Amerika/Gleis Bėjus
pref.timezone.America.Godthab=Amerika/Nukas
# Gali būti blogas
pref.timezone.America.Goose_Bay=Amerika/Gūz Bėjus
pref.timezone.America.Grand_Turk=Amerika/Grand Terkas
pref.timezone.America.Grenada=Amerika/Grenada
pref.timezone.America.Guadeloupe=Amerika/Gvadelupė
pref.timezone.America.Guatemala=Amerika/Gvatemala
pref.timezone.America.Guayaquil=Amerika/Gvajakilis
pref.timezone.America.Guyana=Amerika/Gajana
pref.timezone.America.Halifax=Amerika/Halifaksas
pref.timezone.America.Havana=Amerika/Havana
# Gali būti blogas
pref.timezone.America.Hermosillo=Amerika/Hermosila
pref.timezone.America.Indiana.Indianapolis=Amerika/Indiana/Indianapolis
# Gali būti blogas
pref.timezone.America.Indiana.Knox=Amerika/Indiana/Noksas
# Gali būti blogas
pref.timezone.America.Indiana.Marengo=Amerika/Indiana/Marenga
# Gali būti blogas
pref.timezone.America.Indiana.Petersburg=Amerika/Indiana/Petersburgas
# Gali būti blogas
pref.timezone.America.Indiana.Vevay=Amerika/Indiana/Vevajus
# Gali būti blogas
pref.timezone.America.Indiana.Vincennes=Amerika/Indiana/Vincenai
# Gali būti blogas
pref.timezone.America.Inuvik=Amerika/Inuvikas
pref.timezone.America.Iqaluit=Amerika/Ikaluitas
pref.timezone.America.Jamaica=Amerika/Jamaika
pref.timezone.America.Juneau=Amerika/Džunas
# Gali būti blogas
pref.timezone.America.Kentucky.Louisville=Amerika/Kentukis/Luisvilis
# Gali būti blogas
pref.timezone.America.Kentucky.Monticello=Amerika/Kentukis/Montiselas
pref.timezone.America.La_Paz=Amerika/La Pasas
pref.timezone.America.Lima=Amerika/Lima
pref.timezone.America.Los_Angeles=Amerika/Los Andželas
# Gali būti blogas
pref.timezone.America.Maceio=Amerika/Masėjo
pref.timezone.America.Managua=Amerika/Managva
pref.timezone.America.Manaus=Amerika/Manausas
pref.timezone.America.Martinique=Amerika/Martinika
# Gali būti blogas
pref.timezone.America.Mazatlan=Amerika/Masatlanas
# Gali būti blogas
pref.timezone.America.Menominee=Amerika/Menomini
# Gali būti blogas
pref.timezone.America.Merida=Amerika/Merida
pref.timezone.America.Mexico_City=Amerika/Meksikas
pref.timezone.America.Miquelon=Amerika/Mikelonas
# Gali būti blogas
pref.timezone.America.Moncton=Amerika/Monktonas
pref.timezone.America.Monterrey=Amerika/Monterėjus
pref.timezone.America.Montevideo=Amerika/Montevidėjas
pref.timezone.America.Montreal=Amerika/Monrealis
pref.timezone.America.Montserrat=Amerika/Montseratas
# Gali būti blogas
pref.timezone.America.Nassau=Amerika/Nassau
pref.timezone.America.New_York=Amerika/Niujorkas
# Gali būti blogas
pref.timezone.America.Nipigon=Amerika/Nipigonas
# Gali būti blogas
pref.timezone.America.Nome=Amerika/Nomas
# Gali būti blogas
pref.timezone.America.Noronha=Amerika/Noronha
pref.timezone.America.North_Dakota.Center=Amerika/Šiaurės Dakota/Centras
# Gali būti blogas
pref.timezone.America.North_Dakota.New_Salem=Amerika/Šiaurės Dakota/Niu Salemas
pref.timezone.America.Panama=Amerika/Panama
# Gali būti blogas
pref.timezone.America.Pangnirtung=Amerika/Pangnirtungas
pref.timezone.America.Paramaribo=Amerika/Paramaribas
pref.timezone.America.Phoenix=Amerika/Finiksas
pref.timezone.America.Port-au-Prince=Amerika/Port o Prensas
pref.timezone.America.Port_of_Spain=Amerika/Port of Speinas
pref.timezone.America.Porto_Velho=Amerika/Portu Veljas
pref.timezone.America.Puerto_Rico=Amerika/Puerto Rikas
# Gali būti blogas
pref.timezone.America.Rainy_River=Amerika/Reini Riveris
# Gali būti blogas
pref.timezone.America.Rankin_Inlet=Amerika/Renkin Inletas
pref.timezone.America.Recife=Amerika/Resifė
# Gali būti blogas
pref.timezone.America.Regina=Amerika/Regina
pref.timezone.America.Rio_Branco=Amerika/Riu Brankas
pref.timezone.America.Santiago=Amerika/Santjagas
pref.timezone.America.Santo_Domingo=Amerika/Santo Domingas
pref.timezone.America.Sao_Paulo=Amerika/San Paulas
# Gali būti blogas
pref.timezone.America.Scoresbysund=Amerika/Skoresbysundas
# Gali būti blogas
pref.timezone.America.Shiprock=Amerika/Šiprokas
pref.timezone.America.St_Johns=Amerika/Sent Džonsas
pref.timezone.America.St_Kitts=Amerika/Sent Kitsas
pref.timezone.America.St_Lucia=Amerika/Sent Lusija
pref.timezone.America.St_Thomas=Amerika/Sent Tomas
pref.timezone.America.St_Vincent=Amerika/Sent Vinsentas
# Gali būti blogas
pref.timezone.America.Swift_Current=Amerika/Svift Karentas
pref.timezone.America.Tegucigalpa=Amerika/Tegusigalpa
# Gali būti blogas
pref.timezone.America.Thule=Amerika/Tulė
pref.timezone.America.Thunder_Bay=Amerika/Tander Bėjus
pref.timezone.America.Tijuana=Amerika/Tichuana
pref.timezone.America.Toronto=Amerika/Torontas
# Gali būti blogas
pref.timezone.America.Tortola=Amerika/Tortola
pref.timezone.America.Vancouver=Amerika/Vankuveris
pref.timezone.America.Whitehorse=Amerika/Vaithorsas
pref.timezone.America.Winnipeg=Amerika/Vinipegas
# Gali būti blogas
pref.timezone.America.Yakutat=Amerika/Jakutatas
pref.timezone.America.Yellowknife=Amerika/Jelounaifas
# Gali būti blogas
pref.timezone.Antarctica.Casey=Antarktida/Keisio stotis
# Gali būti blogas
pref.timezone.Antarctica.Davis=Antarktida/Deiviso stotis
# Gali būti blogas
pref.timezone.Antarctica.DumontDUrville=Antarktida/Diumonto Durvilio stotis
# Gali būti blogas
pref.timezone.Antarctica.Mawson=Antarktida/Mosono stotis
# Gali būti blogas
pref.timezone.Antarctica.McMurdo=Antarktida/Makmerdo stotis
# Gali būti blogas
pref.timezone.Antarctica.Palmer=Antarktida/Palmerio stotis
# Gali būti blogas
pref.timezone.Antarctica.Rothera=Antarktida/Roteros tyrimų stotis
pref.timezone.Antarctica.South_Pole=Antarktida/Pietų ašigalis
# Gali būti blogas
pref.timezone.Antarctica.Syowa=Antarktida/Šovos stotis
# Gali būti blogas
pref.timezone.Antarctica.Vostok=Antarktida/Stotis „Vostok“
# Gali būti blogas
pref.timezone.Arctic.Longyearbyen=Arkties vandenynas/Longjerbenas
pref.timezone.Asia.Aden=Azija/Adenas
pref.timezone.Asia.Almaty=Azija/Alma Ata
pref.timezone.Asia.Amman=Azija/Amanas
# Gali būti blogas
pref.timezone.Asia.Anadyr=Azija/Anadyrė
pref.timezone.Asia.Aqtau=Azija/Aktau
pref.timezone.Asia.Aqtobe=Azija/Aktiubinskas
pref.timezone.Asia.Ashgabat=Azija/Ašchabadas
pref.timezone.Asia.Baghdad=Azija/Bagdadas
pref.timezone.Asia.Bahrain=Azija/Bahreinas
pref.timezone.Asia.Baku=Azija/Baku
pref.timezone.Asia.Bangkok=Azija/Bankokas
pref.timezone.Asia.Beirut=Azija/Beirutas
pref.timezone.Asia.Bishkek=Azija/Biškekas
pref.timezone.Asia.Brunei=Azija/Brunėjus
# Gali būti blogas
pref.timezone.Asia.Choibalsan=Azija/Čoibalsanas
pref.timezone.Asia.Chongqing=Azija/Čongčingas
pref.timezone.Asia.Colombo=Azija/Kolombas
pref.timezone.Asia.Damascus=Azija/Damaskas
pref.timezone.Asia.Dhaka=Azija/Daka
pref.timezone.Asia.Dili=Azija/Dilis
pref.timezone.Asia.Dubai=Azija/Dubajus
pref.timezone.Asia.Dushanbe=Azija/Dušanbė
pref.timezone.Asia.Gaza=Azija/Gaza
pref.timezone.Asia.Harbin=Azija/Harbinas
pref.timezone.Asia.Hong_Kong=Azija/Honkongas
# Gali būti blogas
pref.timezone.Asia.Hovd=Azija/Chovdas
pref.timezone.Asia.Irkutsk=Azija/Irkutskas
pref.timezone.Asia.Istanbul=Azija/Stambulas
pref.timezone.Asia.Jakarta=Azija/Džakarta
# Gali būti blogas
pref.timezone.Asia.Jayapura=Azija/Džajapura
pref.timezone.Asia.Jerusalem=Azija/Jeruzalė
pref.timezone.Asia.Kabul=Azija/Kabulas
pref.timezone.Asia.Kamchatka=Azija/Kamčiatka
pref.timezone.Asia.Karachi=Azija/Karačia
# Gali būti blogas
pref.timezone.Asia.Kashgar=Azija/Kašgaras
pref.timezone.Asia.Kathmandu=Azija/Katmandu
pref.timezone.Asia.Krasnoyarsk=Azija/Krasnojarskas
pref.timezone.Asia.Kuala_Lumpur=Azija/Kvala Lumpūras
pref.timezone.Asia.Kuching=Azija/Kučingas
pref.timezone.Asia.Kuwait=Azija/Kuveitas
pref.timezone.Asia.Macau=Azija/Makao
pref.timezone.Asia.Magadan=Azija/Magadanas
pref.timezone.Asia.Makassar=Azija/Makasaras
pref.timezone.Asia.Manila=Azija/Manila
pref.timezone.Asia.Muscat=Azija/Maskatas
pref.timezone.Asia.Nicosia=Azija/Nicosija
pref.timezone.Asia.Novosibirsk=Azija/Novosibirskas
pref.timezone.Asia.Omsk=Azija/Omskas
# Gali būti blogas
pref.timezone.Asia.Oral=Azija/Uralskas
pref.timezone.Asia.Phnom_Penh=Azija/Pnompenis
pref.timezone.Asia.Pontianak=Azija/Pontianakas
pref.timezone.Asia.Pyongyang=Azija/Pchenjanas
pref.timezone.Asia.Qatar=Azija/Kataras
# Gali būti blogas
pref.timezone.Asia.Qyzylorda=Azija/Kyzylorda
pref.timezone.Asia.Rangoon=Azija/Rangūnas
pref.timezone.Asia.Riyadh=Azija/Rijadas
pref.timezone.Asia.Sakhalin=Azija/Sachalinas
pref.timezone.Asia.Samarkand=Azija/Samarkandas
pref.timezone.Asia.Seoul=Azija/Seulas
pref.timezone.Asia.Shanghai=Azija/Šanchajus
pref.timezone.Asia.Singapore=Azija/Singapūras
pref.timezone.Asia.Taipei=Azija/Taipėjus
pref.timezone.Asia.Tashkent=Azija/Taškentas
pref.timezone.Asia.Tbilisi=Azija/Tbilisis
pref.timezone.Asia.Tehran=Azija/Teheranas
pref.timezone.Asia.Thimphu=Azija/Timpu
pref.timezone.Asia.Tokyo=Azija/Tokijas
pref.timezone.Asia.Ulaanbaatar=Azija/Ulan Batoras
pref.timezone.Asia.Urumqi=Azija/Urumčis
pref.timezone.Asia.Vientiane=Azija/Vientianas
pref.timezone.Asia.Vladivostok=Azija/Vladivostokas
pref.timezone.Asia.Yakutsk=Azija/Jakutskas
pref.timezone.Asia.Yekaterinburg=Azija/Jekaterinburgas
pref.timezone.Asia.Yerevan=Azija/Jerevanas
pref.timezone.Atlantic.Azores=Atlanto vandenynas/Azorai
pref.timezone.Atlantic.Bermuda=Atlanto vandenynas/Bermudai
pref.timezone.Atlantic.Canary=Atlanto vandenynas/Kanarai
pref.timezone.Atlantic.Cape_Verde=Atlanto vandenynas/Žaliasis Kyšulys
pref.timezone.Atlantic.Faroe=Atlanto vandenynas/Farerai
pref.timezone.Atlantic.Madeira=Atlanto vandenynas/Madeira
pref.timezone.Atlantic.Reykjavik=Atlanto vandenynas/Reikjavikas
pref.timezone.Atlantic.South_Georgia=Atlanto vandenynas/Pietų Džordžija
pref.timezone.Atlantic.St_Helena=Atlanto vandenynas/Šv. Elenos sala
pref.timezone.Atlantic.Stanley=Atlanto vandenynas/Stenlis
pref.timezone.Australia.Adelaide=Australija/Adelaidė
pref.timezone.Australia.Brisbane=Australija/Brisbenas
# Gali būti blogas
pref.timezone.Australia.Broken_Hill=Australija/Brouken Hilas
# Gali būti blogas
pref.timezone.Australia.Currie=Australija/Kiuris
pref.timezone.Australia.Darwin=Australija/Darvinas
# Gali būti blogas
pref.timezone.Australia.Eucla=Australija/Jukla
pref.timezone.Australia.Hobart=Australija/Hobartas
# Gali būti blogas
pref.timezone.Australia.Lindeman=Australija/Lindemano sala
pref.timezone.Australia.Lord_Howe=Australija/Lordo Hau sala
pref.timezone.Australia.Melbourne=Australija/Melburnas
# Gali būti blogas
pref.timezone.Australia.Perth=Australija/Pertas
pref.timezone.Australia.Sydney=Australija/Sidnėjus
pref.timezone.Europe.Amsterdam=Europa/Amsterdamas
pref.timezone.Europe.Andorra=Europa/Andora
pref.timezone.Europe.Athens=Europa/Atėnai
pref.timezone.Europe.Belgrade=Europa/Belgradas
pref.timezone.Europe.Berlin=Europa/Berlynas
pref.timezone.Europe.Bratislava=Europa/Bratislava
pref.timezone.Europe.Brussels=Europa/Briuselis
pref.timezone.Europe.Bucharest=Europa/Bukareštas
pref.timezone.Europe.Budapest=Europa/Budapeštas
pref.timezone.Europe.Chisinau=Europa/Kišiniovas
pref.timezone.Europe.Copenhagen=Europa/Kopenhaga
pref.timezone.Europe.Dublin=Europa/Dublinas
pref.timezone.Europe.Gibraltar=Europa/Gibraltaras
# Gali būti blogas
pref.timezone.Europe.Guernsey=Europa/Gvernsis
pref.timezone.Europe.Helsinki=Europa/Helsinkis
pref.timezone.Europe.Isle_of_Man=Europa/Meno sala
pref.timezone.Europe.Istanbul=Europa/Stambulas
pref.timezone.Europe.Jersey=Europa/Džersis
pref.timezone.Europe.Kaliningrad=Europa/Kaliningradas
pref.timezone.Europe.Kiev=Europa/Kijevas
pref.timezone.Europe.Lisbon=Europa/Lisanbona
pref.timezone.Europe.Ljubljana=Europa/Liubliana
pref.timezone.Europe.London=Europa/Londonas
pref.timezone.Europe.Luxembourg=Europa/Liuksemburgas
pref.timezone.Europe.Madrid=Europa/Madridas
pref.timezone.Europe.Malta=Europa/Malta
# Gali būti blogas
pref.timezone.Europe.Mariehamn=Europa/Marichamna
pref.timezone.Europe.Minsk=Europa/Minskas
pref.timezone.Europe.Monaco=Europa/Monakas
pref.timezone.Europe.Moscow=Europa/Maskva
pref.timezone.Europe.Nicosia=Europa/Nicosija
pref.timezone.Europe.Oslo=Europa/Oslas
pref.timezone.Europe.Paris=Europa/Paryžius
pref.timezone.Europe.Podgorica=Europa/Podgorica
pref.timezone.Europe.Prague=Europa/Praha
pref.timezone.Europe.Riga=Europa/Ryga
pref.timezone.Europe.Rome=Europa/Roma
pref.timezone.Europe.Samara=Europa/Samara
pref.timezone.Europe.San_Marino=Europa/San Marinas
pref.timezone.Europe.Sarajevo=Europa/Sarajevas
pref.timezone.Europe.Simferopol=Europa/Simferopolis
pref.timezone.Europe.Skopje=Europa/Skopjė
pref.timezone.Europe.Sofia=Europa/Sofija
pref.timezone.Europe.Stockholm=Europa/Stokholmas
pref.timezone.Europe.Tallinn=Europa/Talinas
pref.timezone.Europe.Tirane=Europa/Tirana
pref.timezone.Europe.Uzhgorod=Europa/Užgorodas
pref.timezone.Europe.Vaduz=Europa/Vaducas
pref.timezone.Europe.Vatican=Europa/Vatikanas
pref.timezone.Europe.Vienna=Europa/Viena
pref.timezone.Europe.Vilnius=Europa/Vilnius
pref.timezone.Europe.Volgograd=Europa/Volgogradas
pref.timezone.Europe.Warsaw=Europa/Varšuva
pref.timezone.Europe.Zagreb=Europa/Zagrebas
pref.timezone.Europe.Zaporozhye=Europa/Zaporožė
pref.timezone.Europe.Zurich=Europa/Ciūrichas
pref.timezone.Indian.Antananarivo=Indijos vandenynas/Antananaryvas
# Gali būti blogas
pref.timezone.Indian.Chagos=Indijos vandenynas/Čagosas
pref.timezone.Indian.Christmas=Indijos vandenynas/Kalėdų sala
pref.timezone.Indian.Cocos=Indijos vandenynas/Kokosų salos
pref.timezone.Indian.Comoro=Indijos vandenynas/Komorai
# Gali būti blogas
pref.timezone.Indian.Kerguelen=Indijos vandenynas/Kergelenai
# Gali būti blogas
pref.timezone.Indian.Mahe=Indijos vandenynas/Mahė
pref.timezone.Indian.Maldives=Indijos vandenynas/Maldyvai
pref.timezone.Indian.Mauritius=Indijos vandenynas/Mauricijus
# Gali būti blogas
pref.timezone.Indian.Mayotte=Indijos vandenynas/Majotas
pref.timezone.Indian.Reunion=Indijos vandenynas/Reunionas
pref.timezone.Pacific.Apia=Ramusis vandenynas/Apija
# Gali būti blogas
pref.timezone.Pacific.Auckland=Ramusis vandenynas/Oklendas
# Gali būti blogas
pref.timezone.Pacific.Chatham=Ramusis vandenynas/Čatemas
pref.timezone.Pacific.Easter=Ramusis vandenynas/Velykų sala
# Gali būti blogas
pref.timezone.Pacific.Efate=Ramusis vandenynas/Efatė
# Gali būti blogas
pref.timezone.Pacific.Enderbury=Ramusis vandenynas/Enderberio sala
# Gali būti blogas
pref.timezone.Pacific.Fakaofo=Ramusis vandenynas/Fakaofas
pref.timezone.Pacific.Fiji=Ramusis vandenynas/Fidžis
pref.timezone.Pacific.Funafuti=Ramusis vandenynas/Funafutis
pref.timezone.Pacific.Galapagos=Ramusis vandenynas/Galapagai
# Gali būti blogas
pref.timezone.Pacific.Gambier=Ramusis vandenynas/Gambjė salos
# Gali būti blogas
pref.timezone.Pacific.Guadalcanal=Ramusis vandenynas/Gvadalkanalas
pref.timezone.Pacific.Guam=Ramusis vandenynas/Guamas
pref.timezone.Pacific.Honolulu=Ramusis vandenynas/Honolulu
# Gali būti blogas
pref.timezone.Pacific.Johnston=Ramusis vandenynas/Džonstonas
# Gali būti blogas. Be to, gali irgi vadintis Kalėdų sala
pref.timezone.Pacific.Kiritimati=Ramusis vandenynas/Kiritimatis
# Gali būti blogas
pref.timezone.Pacific.Kosrae=Ramusis vandenynas/Košrajus
# Gali būti blogas
pref.timezone.Pacific.Kwajalein=Ramusis vandenynas/Kvadžaleinas
pref.timezone.Pacific.Majuro=Ramusis vandenynas/Madžūras
pref.timezone.Pacific.Marquesas=Ramusis vandenynas/Markizai
# Gali būti blogas
pref.timezone.Pacific.Midway=Ramusis vandenynas/Midvėjus
pref.timezone.Pacific.Nauru=Ramusis vandenynas/Nauru
pref.timezone.Pacific.Niue=Ramusis vandenynas/Niuė
pref.timezone.Pacific.Norfolk=Ramusis vandenynas/Norfolkas
# Gali būti blogas
pref.timezone.Pacific.Noumea=Ramusis vandenynas/Numėja
# Gali būti blogas
pref.timezone.Pacific.Pago_Pago=Ramusis vandenynas/Pago Pago
pref.timezone.Pacific.Palau=Ramusis vandenynas/Palau
pref.timezone.Pacific.Pitcairn=Ramusis vandenynas/Pitkernas
# Gali būti blogas
pref.timezone.Pacific.Ponape=Ramusis vandenynas/Ponpėjus
pref.timezone.Pacific.Port_Moresby=Ramusis vandenynas/Port Morsbis
# Gali būti blogas
pref.timezone.Pacific.Rarotonga=Ramusis vandenynas/Rarotonga
# Gali būti blogas
pref.timezone.Pacific.Saipan=Ramusis vandenynas/Saipanas
pref.timezone.Pacific.Tahiti=Ramusis vandenynas/Taitis
pref.timezone.Pacific.Tarawa=Ramusis vandenynas/Tarava
pref.timezone.Pacific.Tongatapu=Ramusis vandenynas/Tongatapu
# Gali būti blogas
pref.timezone.Pacific.Truk=Ramusis vandenynas/Čukas
# Gali būti blogas
pref.timezone.Pacific.Wake=Ramusis vandenynas/Veikas
pref.timezone.Pacific.Wallis=Ramusis vandenynas/Volis

# the following have been missing
# Gali būti blogas
pref.timezone.America.Indiana.Tell_City=Amerika/Indiana/Tel Sitis
# Gali būti blogas
pref.timezone.America.Indiana.Winamac=Amerika/Indiana/Vinamakas
# Gali būti blogas
pref.timezone.America.Marigot=Amerika/Marigotas
# Gali būti blogas
pref.timezone.America.Resolute=Amerika/Rezoliutas
# Gali būti blogas
pref.timezone.America.St_Barthelemy=Amerika/Sent Bartelmis

# added with 0.1.2008d:
pref.timezone.America.Argentina.San_Luis=Amerika/Argentina/San Luisas
pref.timezone.America.Santarem=Amerika/Santaremas
pref.timezone.Asia.Ho_Chi_Minh=Azija/Hošiminas
pref.timezone.Asia.Kolkata=Azija/Kolkata

# added with 0.1.2008i:
pref.timezone.America.Argentina.Salta=Amerika/Argentina/Salta

# added with 0.1.2010i
# Gali būti blogas
pref.timezone.America.Matamoros=Amerika/Matamoros
# Gali būti blogas
pref.timezone.America.Ojinaga=Amerika/Ochinaga
# Gali būti blogas
pref.timezone.America.Santa_Isabel=Amerika/Santa Izabelė
# Gali būti blogas
pref.timezone.Antarctica.Macquarie=Antarktis/Macquarie
pref.timezone.Asia.Novokuznetsk=Azija/Novokuzneckas

#added with 0.1.2011b
# Gali būti blogas
pref.timezone.America.Bahia_Banderas=Amerika/Baija de Banderas
# Gali būti blogas
pref.timezone.America.North_Dakota.Beulah=Amerika/Šiaurės Dakota/Beula
pref.timezone.Pacific.Chuuk=Ramusis vandenynas/Čiukas
# Gali būti blogas
# Alternatyvus pavadinimas – Ponapė
pref.timezone.Pacific.Pohnpei=Ramusis vandenynas/Ponpėja

#added with 0.1.2011n
pref.timezone.Africa.Juba=Afrika/Džuba
pref.timezone.America.Kralendijk=Amerika/Kralendijkas
# Gali būti blogas. Pilnas originalaus miesto pavadinimas: Lower Prince's Quarter
pref.timezone.America.Lower_Princes=Amerika/San Martenas
pref.timezone.America.Metlakatla=Amerika/Metlakatla
pref.timezone.America.Sitka=Amerika/Sitka
pref.timezone.Asia.Hebron=Azija/Hebronas

#added with 0.1.2013a
pref.timezone.America.Creston=Amerika/Krestonas
pref.timezone.Asia.Khandyga=Azija/Chandyga
pref.timezone.Asia.Ust-Nera=Azija/Ust-Nera
pref.timezone.Europe.Busingen=Europa/Biuzingenas

#added with 0.1.2014b
pref.timezone.Antarctica.Troll=Antarktida/Trolis
